{"loss": [0.14393720030784607, 0.08136655390262604, 0.06827770173549652, 0.06360907107591629, 0.05941368266940117, 0.05527472496032715, 0.05211208388209343], "val_loss": [0.0453372448682785, 0.02426677942276001, 0.024105222895741463, 0.022412730380892754, 0.023068025708198547, 0.023271888494491577, 0.023079754784703255]}