{"loss": [0.17638373374938965, 0.11380050331354141, 0.08263742178678513, 0.0697682723402977, 0.061247117817401886, 0.058172039687633514, 0.05250082165002823, 0.04946101829409599, 0.04616696760058403, 0.042295973747968674, 0.04112311080098152, 0.04126417636871338, 0.03787999227643013, 0.03732631728053093, 0.035691771656274796, 0.03423957899212837, 0.031306732445955276, 0.03282516449689865, 0.031314972788095474, 0.030536597594618797, 0.029766354709863663, 0.028483103960752487, 0.028448382392525673, 0.027450455352663994, 0.02620694600045681, 0.025831259787082672, 0.0244000107049942], "val_loss": [0.058566607534885406, 0.04108821600675583, 0.023678719997406006, 0.02232961170375347, 0.02267095446586609, 0.020624827593564987, 0.020998066291213036, 0.020305801182985306, 0.018179215490818024, 0.018544649705290794, 0.017718486487865448, 0.017189709469676018, 0.01828148402273655, 0.017005207017064095, 0.016172118484973907, 0.015309633687138557, 0.01603272184729576, 0.015260282903909683, 0.015401194803416729, 0.014353279024362564, 0.01514967530965805, 0.014189220033586025, 0.015147705562412739, 0.01398745458573103, 0.014017625711858273, 0.0147200683131814, 0.01410350576043129]}