{"loss": [0.2724573314189911, 0.21800847351551056, 0.1482151746749878, 0.09369749575853348, 0.0707591250538826, 0.06591702252626419, 0.05913639813661575, 0.06200309470295906, 0.058076269924640656, 0.05298497527837753, 0.05390576645731926, 0.0479462556540966, 0.04709416255354881, 0.0470191091299057, 0.04264390841126442, 0.044616010040044785, 0.0428331159055233, 0.04107670113444328, 0.041362736374139786, 0.040506597608327866, 0.04161767289042473, 0.03810473158955574, 0.03766161575913429, 0.03726308047771454, 0.035232286900281906, 0.03729313984513283, 0.03512958809733391, 0.03450378030538559, 0.03327198326587677], "val_loss": [0.32999593019485474, 0.22969552874565125, 0.06814417243003845, 0.060967475175857544, 0.06654883921146393, 0.054375872015953064, 0.05058758333325386, 0.054212115705013275, 0.05202683433890343, 0.05001189932227135, 0.04854481667280197, 0.03974432125687599, 0.03930596262216568, 0.0386834517121315, 0.03755593299865723, 0.03212490305304527, 0.032546982169151306, 0.03270198777318001, 0.029906194657087326, 0.02954719588160515, 0.02707078866660595, 0.028358574956655502, 0.026785941794514656, 0.024429379031062126, 0.025469617918133736, 0.021369831636548042, 0.022984620183706284, 0.023046569898724556, 0.02168150432407856]}