{"loss": [0.17093057930469513, 0.09434263408184052, 0.07351623475551605, 0.06400766223669052, 0.05476083233952522, 0.05213874951004982, 0.04866650328040123, 0.04871990904211998, 0.04378211125731468, 0.03979102894663811, 0.04026845842599869, 0.0384804792702198, 0.03807598724961281, 0.03620777651667595, 0.034762054681777954, 0.03308103606104851, 0.031645268201828, 0.02937418408691883, 0.029524534940719604, 0.028072576969861984, 0.02685435488820076, 0.027704553678631783, 0.02693350799381733, 0.025558315217494965, 0.0251229926943779, 0.025504453107714653, 0.023688292130827904], "val_loss": [0.05967969074845314, 0.026700282469391823, 0.027935348451137543, 0.021857811138033867, 0.022894909605383873, 0.019409870728850365, 0.01883973740041256, 0.018542440608143806, 0.017677586525678635, 0.017825957387685776, 0.017328469082713127, 0.016878288239240646, 0.01684899441897869, 0.01578890159726143, 0.01629704236984253, 0.014523274265229702, 0.015847641974687576, 0.014517216943204403, 0.014322237111628056, 0.014561636373400688, 0.01453294139355421, 0.014105790294706821, 0.01403091661632061, 0.012951537035405636, 0.01374890562146902, 0.013819253072142601, 0.013807705603539944]}