{"loss": [0.10238401591777802, 0.0546763651072979, 0.047787778079509735, 0.04310419037938118, 0.03867466375231743, 0.03549390658736229, 0.03279411792755127, 0.031772974878549576, 0.028640950098633766, 0.029886459931731224, 0.028018195182085037], "val_loss": [0.03288155049085617, 0.01581881381571293, 0.014858515001833439, 0.013242047280073166, 0.019564179703593254, 0.03086857683956623, 0.03130835294723511, 0.032452598214149475, 0.041615016758441925, 0.04984395205974579, 0.04037878289818764]}