{"loss": [0.15273593366146088, 0.0844067856669426, 0.0682608112692833, 0.05930663272738457, 0.051866404712200165, 0.04688534885644913, 0.044443171471357346, 0.04062889888882637, 0.04046672582626343, 0.03751680254936218, 0.03457920253276825, 0.0351349338889122, 0.032034579664468765, 0.02961120568215847, 0.030568884685635567, 0.02877286821603775, 0.029041709378361702, 0.027108263224363327, 0.026813289150595665, 0.025802332907915115, 0.02509933151304722, 0.023876426741480827, 0.023745566606521606, 0.022618290036916733, 0.020699119195342064, 0.021757490932941437, 0.02127307653427124, 0.020226282998919487, 0.021186845377087593, 0.019690733402967453, 0.019091496244072914, 0.0185830257833004, 0.017774568870663643, 0.017932016402482986, 0.016964005306363106, 0.017647547647356987, 0.016486970707774162, 0.016325443983078003, 0.015653269365429878, 0.01584360934793949, 0.015015292912721634, 0.014905200339853764, 0.014560088515281677, 0.014369902200996876, 0.013838192448019981, 0.013538617640733719], "val_loss": [0.043800901621580124, 0.04058738052845001, 0.038158927112817764, 0.029808271676301956, 0.030236057937145233, 0.031003355979919434, 0.02772643230855465, 0.02510109171271324, 0.025097396224737167, 0.023808076977729797, 0.023909226059913635, 0.02266889624297619, 0.020868275314569473, 0.021262237802147865, 0.020251337438821793, 0.020597249269485474, 0.018845774233341217, 0.018278993666172028, 0.017769183963537216, 0.018545998260378838, 0.017758473753929138, 0.01675349846482277, 0.016556423157453537, 0.016516925767064095, 0.01596176065504551, 0.016018006950616837, 0.016133366152644157, 0.015171208418905735, 0.014859492890536785, 0.015175607055425644, 0.014550937339663506, 0.014495442621409893, 0.014614717103540897, 0.014156647026538849, 0.013509945012629032, 0.01364253181964159, 0.01380537822842598, 0.01335653755813837, 0.013074076734483242, 0.01320850569754839, 0.012959392741322517, 0.012435898184776306, 0.012057209387421608, 0.012314421124756336, 0.012108936905860901, 0.012196882627904415]}